start_t,end_t,duration,peak_t,peak_freq,peak_db
49.9772,59.9716,9.994399999999999,49.9772,4707.03125,178.16528773291842
60.0964,60.1276,0.03119999999999834,60.1068,1992.1875,13.200331768023489
61.0324,77.5788,16.5464,61.0324,4843.75,48.904303110418255
80.0956,80.1268,0.03119999999999834,80.1008,2695.3125,10.899308295064884
81.0316,97.578,16.546400000000006,81.0316,4960.9375,48.91615918770498
