sample_id,score,threshold,predicted
0,0.23678571428571424,0.1259226190476191,1
