sample_id,score,threshold,predicted
0,0.16870238095238094,0.1259226190476191,1
