feature,Healthy_mean,Healthy_std,Healthy_median,Healthy_iqr,Fault_mean,Fault_std,Fault_median,Fault_iqr,effect_size_d
v_hf_frac_1k,0.0027040735295641564,0.00012599885535496489,0.0026937959048105,0.0001691326597286001,0.004777495885512294,0.0001901122062458686,0.0047809740977299,0.0003015656540802502,12.856549794572617
v_transient_rate_2k,0.0019047619047619041,0.013400504203456157,0.0,0.0,0.24428571428571416,0.03149613039885169,0.238095238095238,0.0476190476190477,10.014460512420952
i_hf_frac_1k,0.0011549370025484699,5.07827257318806e-05,0.0011540689679273,6.27825480523001e-05,0.0012869518571533643,6.623778176698605e-05,0.0012840746930449,8.690296336995003e-05,2.2368445825205936
i_transient_rate_2k,0.0019047619047619041,0.013400504203456155,0.0,0.0,0.049047619047619014,0.06507936507936506,0.0,0.0952380952380952,1.0033919128333149
i_crest,1.5017396807550478,0.013116078433144336,1.5001254725070483,0.013627402687061307,1.511842283926728,0.02258818341433929,1.5085893660059855,0.026911263269876473,0.5469833655134246
v_crest,1.5572350813261004,0.02655395897197443,1.5548647460922989,0.033541994958491195,1.5582759747089003,0.02537187468698317,1.554646856292245,0.031400089610754245,0.04008115801275729
i_spec_kurt,248.0528741775506,0.244814435014246,248.07457622304003,0.34209017842803746,247.92352360173703,0.2735594568074351,247.95635321988652,0.3411189470990337,-0.49829731626923557
v_spec_kurt,247.12852267696667,0.3647520391051324,247.14666361272128,0.4282292393603484,245.58790385437737,0.8317594778289626,245.5081327712424,1.2489923393505649,-2.398932351698424
